ssn,name,username,dob,contact,password,email,license
757-85-7495,James,jamessmith,1975-01-20,5046218927,sunshine464,jamessmith@gmail.com,WLC-736-873
149-13-7317,Christopher,christopheranderson,1985-01-15,8102929388,daniel35,christopheranderson@gmail.com,WLC-382-382
909-03-4642,Ronald,ronaldclark,1962-11-06,8566368749,abcd1234,ronaldclark@gmail.com,WLA-372-930
781-70-8498,Mary,marywright,1985-04-30,9073854412,q1w2e3r4,marywright@gmail.com,WLA-334-596
749-25-3016,Lisa,lisamitchell,1973-08-26,5135701893,shadow53,lisamitchell@gmail.com,WLA-998-404
789-21-8631,Michelle,michellejohnson,1983-04-04,4195032484,azerty844,michellejohnson@gmail.com,WLA-384-811
182-73-1694,John,johnthomas,1992-01-02,7735736914,qazwsxedc,johnthomas@gmail.com,WLA-384-272
303-81-0470,Daniel,danielrodriguez,1965-04-23,4087523500,asdasd123,danielrodriguez@gmail.com,WLA-341-222
389-86-6919,Anthony,anthonylopez,1981-08-17,6054142147,qweasdzxc,anthonylopez@gmail.com,WLC-394-555
805-74-0240,Patricia,patriciaperez,1956-03-14,4106558723,q1w2e3r4t5,patriciaperez@gmail.com,WLB-486-586
985-69-5114,Nancy,nancywilliams,1971-06-03,2158741229,zag12wsx,nancywilliams@hotmail.com,WLB-445-322
805-07-0576,Laura,laurajackson,1994-08-03,6313353414,liverpool,laurajackson@hotmail.com,WLD-484-422
054-14-2964,Robert,robertlewis,1984-04-17,3104985651,michelle382,robertlewis@hotmail.com,WLC-334-484
113-85-9381,Paul,paulhill,1953-05-13,4407808425,letmein22,paulhill@hotmail.com,WLC-432-322
167-19-2705,Kevin,kevinroberts,1978-10-04,9565376195,1819eweq,kevinroberts@hotmail.com,WLC-422-452
393-76-1361,Linda,lindajones,1978-04-22,6022774385,42e3r23rf3,lindajones@hotmail.com,WLD-543-231
426-77-1465,Karen,karenwhite,1967-01-02,9313139635,54645t3433,karenwhite@hotmail.com,WLD-432-422
356-14-5193,Sarah,sarahlee,1958-05-17,4146619598,345r34r2r,sarahlee@hotmail.com,WLA-442-423
974-23-5915,Michael,michaelscott,1995-04-07,3132887937,435errwr3,michaelscott@hotmail.com,WLB-432-221
535-18-0426,Mark,markturner,1990-11-01,8158282147,f34r334r,markturner@hotmail.com,
355-02-7481,Jason,jasonbrown,1987-09-18,6105453615,43t3443,jasonbrown@yahoo.com,
748-77-6018,Barbara,barbaraharris,1989-10-30,4085401785,3t54t34rf,barbaraharris@yahoo.com,
701 39 4563,Betty,bettywalker,1976-09-08,9723039197,43r543r3,bettywalker@yahoo.com,
357-50-5755,Kimberly,kimberlygreen,1968-07-20,5189667987,3t53t33,kimberlygreen@yahoo.com,
874 30 8004,William,williamphillips,1969-07-21,7326583154,56t3r34r3t,williamphillips@yahoo.com,
424 08 3008,Donald,donalddavis,1977-08-31,7156626764,y6hgfnui768,donalddavis@yahoo.com,
111-69-8921,Jeff,jeffmartin,1970-08-16,9133882079,5645rrf333d4,jeffmartin@yahoo.com,
737 52 3646,Elizabeth,elizabethhall,1973-08-06,4106691642,56u6u76u,elizabethhall@yahoo.com,
169-28-1513,Helen,helenadams,1976-02-24,2125824976,57i867i6,helenadams@yahoo.com,
903-41-8442,Deborah,deborahcampbell,1989-05-10,9363363951,i76u564t5r,deborahcampbell@yahoo.com,
837-19-3842,David,davidmiller,1950-05-26,6148019788,54633e3232,davidmiller@yahoo.com,
864-23-8071,George,georgethompson,1991-08-15,5059773911,r345345345,georgethompson@yahoo.com,
542-50-9281,Jennifer,jenniferallen,1970-04-01,2017096245,457567567te4e,jenniferallen@yahoo.com,
528-55-0602,Sandra,sandrabaker,1989-04-15,7329247882,4645t4535565464,sandrabaker@yahoo.com,
495-00-2870,Richard,richardparker,1963-09-21,2128601579,wed343535,richardparker@yahoo.com,
516-52-6439,Kenneth,kennethwilson,1975-08-04,5049799175,45t45tf4,kennethwilson@yahoo.com,
089-95-2067,Maria,mariagarcia,1983-10-03,2126758570,4645rf433,mariagarcia@yahoo.com,
099-52-2802,Donna,donnayoung,1982-02-13,8058326163,89dj3d9d,donnayoung@yahoo.com,
028-71-7779,Charles,charlesgonzalez,1994-08-22,2108129597,32ed322,charlesgonzalez@yahoo.com,
001-14-2521,Steven,stevenevans,1962-06-17,7854637829,34rr345d,stevenevans@yahoo.com,
359-03-9546,Susan,susanmoore,1990-02-02,5415488197,34r38we8dj9,susanmoore@yahoo.com,
229-97-7831,Carol,carolmartinez,1984-06-14,9134134604,eiw9e983j4,carolmartinez@gmail.com,
030-96-2007,Joseph,josephhernandez,1983-11-13,9072314722,2398jejkwki93,josephhernandez@gmail.com,
316-20-1718,Edward,edwardnelson,1995-04-13,3056067291,34ioeiowdk,edwardnelson@gmail.com,
042-14-1069,Margaret,margaretedwards,1986-01-12,9077411044,24io2ikelkl,margaretedwards@gmail.com,
828-70-3471,Ruth,ruthtaylor,1973-11-22,9527682416,2iei3ek8423043,ruthtaylor@gmail.com,
974-55-0135,Thomas,thomasrobinson,1974-06-08,6173995124,3i4ri23jjkeu,thomasrobinson@gmail.com,
851-48-4165,Brian,brianking,1950-04-17,3234532780,4ue3jekjk2,brianking@gmail.com,WLC-098-423
381-06-1296,Dorothy,dorothycarter,1987-06-24,6083367444,24u2iuek22,dorothycarter@gmail.com,WLC-942-492
946-79-9278,Sharon,sharoncollins,1994-10-05,2159079111,2u2iuehjhdyq,sharoncollins@gmail.com,WLB-481-383
748-55-3222,Billy,billygonzalves,1957-05-15,4325435345,28ei23uekj,billygonzalves@gmail.com,WLA-311-532
322-34-5432,Susan,susanjason,1954-11-04,3426574635,2ue23uj2ki,susanjason@gmail.com,WLB-373-282
345-65-4372,Samantha,samanthawood,1950-07-16,3425433553,2ue2i3ej892,samanthawoods@gmail.com,WLC-373-382
245-66-8743,Peter,peterparker,1970-02-05,6757562422,24u82ei23el2,peterparker@gmail.com,WLB-373-211
324-67-8754,Jackson,jacksonmary,1968-08-10,6459786754,4i234ui2je2,jacksonmary@gmail.com,WLC-373-392
987-76-5433,Raymond,raymondedmund,1989-01-20,6789878655,2ue23jkek2,raymondedmund@gmail.com,WLC-373-485
435-77-6433,Jake,jakewell,1999-04-29,7579877654,2u2eij2e,jakewell@yahoo.com,WLA-374-382
567-88-9754,Gunther,guntherpollins,1975-12-30,4447885743,2i29924eduuwi,guntherpollins@gmail.com,WLB-463-273
565-78-8765,Samuel,samuelsage,1960-08-26,3737866553,32re23453rw,samuelsage@gmail.com,WLB-374-382
443-55-9999,Julie,juliehiggins,1972-12-13,6557547843,343453rwrw234,juliehiggins@gmail.com,WLC-384-287
433-56-7865,Paxton,paxtonmoore,1972-03-18,3637657532,242e3e3e2,paxtonmoore@gmail.com,WLC-272-383
635-27-4762,Milo,milocarney,1954-11-04,4627462748,8dwujj2o2,milocarney@gmail.com,WLB-372-281
736-43-1334,Dale,daleavery,1999-04-29,5768584938,24242e4wrr,daleavery@yahoo.com,WLA-383-384
532-42-5633,alonso,alonsohartman,1972-12-13,5474690384,36534rw24,alonsohartman@yahoo.com,WLC-382-263
674-23-3533,dario,darioholmes,1956-11-05,5693837363,23ed9928j4,darioholmes@gmail.com,WLE-372-383
674-22-5866,peter,peterstein,1954-12-04,2983746578,48ew9j3822,peterstein@gmail.com,WLB-385-684
765-48-3826,sage,sagetorres,1989-01-20,4973938475,48dwjei3782,sagetorres@yahoo.com,WLA-283-484
538-05-5840,aubrey,aubreycalhoun,1989-12-30,5938736271,2e3278eiu,aubreycalhoun@gmail.com,WLC-384-272
374-58-5867,kelly,kellyfranklin,1994-10-05,4049584838,2378euiwed8924,kellyfranklin@gmail.com,WLC-272-382
432-39-3904,gael,gaelchandler,1984-10-05,4227475859,23we892kled,gaelchandler@gmail.com,WLA-272-494
432-49-5968,alania,alaniasparza,1970-10-05,5747474839,23u27e8wu32o,alaniasparza@yahoo.com,WLE-372-448
554-59-5854,keegan,keegansilva,1939-11-04,3402929384,23e8wqude3i2u7,keegansilva@yahoo.com,WLC-009-382
747-48-5864,cheyenne,cheyenneconner,1950-07-16,4282285848,di3weudie29,cheyenneconner@yahoo.com,WLC-304-482
